"Day","A","B","Control"
"Friday",5786.71611010744,6359.42427055566,6030.56626523054
"Monday",5059.91345348462,5764.93124085668,5305.36592844421
"Thursday",5205.47369792545,5728.02159088584,5311.52680729251
"Tuesday",5385.23242276717,5770.18243241863,5429.45157691505
"Wednesday",5197.50526835764,5775.92325897951,5272.10200763184
