year,cars
1955,0.0144539724
1959,0.0236037347
1960,0.0380883083
1962,0.0719332486
1966,0.4426567292
1967,0.8089022325
1969,0.7598382896
1970,0.6717374008
1971,0.8181029969
1972,0.7152931256
1973,1.1646311194
1974,1.418508973
1977,1.6722032192
1978,1.9846823934
1979,1.8818725222
1980,1.842600967
1982,1.8766091137
1983,2.106036599
1984,2.6677422426
1985,2.7848122786
