"Year","PerctOff","Togo","Friend"
"First Year",943.48997300623,1173.48801003709,1721.94463006556
"Fourth Year+",58.5680591836703,80.4244785149193,485.515010233541
"Second Year",951.966610784986,1231.45590599786,1771.28327590959
"Third Year",453.286495728643,574.143769069131,1223.21153940974
